"id","idade","sexo","dependentes","escolaridade","tipo_cartao","limite_credito","valor_transacoes_12m","qtd_transacoes_12m","estado"
"768805383","45","M","3","ensino medio","blue","12691.51","1144.90","42",
"818770008","49","F","5","mestrado","blue","8256.96","1291.45","33",
"713982108","51","M","3","mestrado","blue","3418.56","1887.72","20",
"768805451","56","M","6","ensino medio","casado","7591.51","1564.90","50",
"456556","30","F","0","mestrado","solteiro","5526.96","55251.45","10",
"545","49","F","2","doutorado","blue","3417.55","555.72","7",
